{
	"info": {
		"_postman_id": "9357ea04-bff8-4733-9270-762ef67a8b1c",
		"name": "enhanced_todo_auth",
		"schema": "https://schema.getpostman.com/json/collection/v2.1.0/collection.json",
		"_exporter_id": "48740438"
	},
	"item": [
		{
			"name": "API_Health_Check",
			"request": {
				"method": "GET",
				"header": [],
				"url": {
					"raw": "http://127.0.0.1:8000/health",
					"protocol": "http",
					"host": [
						"127",
						"0",
						"0",
						"1"
					],
					"port": "8000",
					"path": [
						"health"
					]
				}
			},
			"response": []
		},
		{
			"name": "Auth Routes",
			"request": {
				"method": "POST",
				"header": [],
				"body": {
					"mode": "raw",
					"raw": "{ \"email\": \"joud@example.com\", \"password\": \"joud12342\" }",
					"options": {
						"raw": {
							"language": "json"
						}
					}
				},
				"url": {
					"raw": "http://127.0.0.1:8000/auth/register",
					"protocol": "http",
					"host": [
						"127",
						"0",
						"0",
						"1"
					],
					"port": "8000",
					"path": [
						"auth",
						"register"
					]
				}
			},
			"response": []
		},
		{
			"name": "Verify Email",
			"request": {
				"method": "GET",
				"header": []
			},
			"response": []
		},
		{
			"name": "login",
			"request": {
				"method": "GET",
				"header": []
			},
			"response": []
		}
	]
}