{
	"info": {
		"_postman_id": "2e1aa0c0-f0d8-43a6-982b-504124d81a93",
		"name": "enhanced_todo_user",
		"schema": "https://schema.getpostman.com/json/collection/v2.1.0/collection.json",
		"_exporter_id": "48740438"
	},
	"item": [
		{
			"name": "list todos",
			"request": {
				"auth": {
					"type": "bearer",
					"bearer": [
						{
							"key": "token",
							"value": "eyJhbGciOiJIUzI1NiIsInR5cCI6IkpXVCJ9.eyJzdWIiOiI0IiwiYWRtIjpmYWxzZSwiZXhwIjoxNzYwMTY5ODQzfQ.9YDQkj-FZnAOXwDK9x-dvmQXEZRrnsON0L-83IeKUXk",
							"type": "string"
						}
					]
				},
				"method": "GET",
				"header": [],
				"url": {
					"raw": "http://127.0.0.1:8000/todos",
					"protocol": "http",
					"host": [
						"127",
						"0",
						"0",
						"1"
					],
					"port": "8000",
					"path": [
						"todos"
					]
				}
			},
			"response": []
		},
		{
			"name": "create a todo",
			"request": {
				"auth": {
					"type": "bearer",
					"bearer": [
						{
							"key": "token",
							"value": "eyJhbGciOiJIUzI1NiIsInR5cCI6IkpXVCJ9.eyJzdWIiOiI1IiwiYWRtIjpmYWxzZSwiZXhwIjoxNzYwMTgxNjAwfQ.Q-XlPpSFJTQbspAYEU0ZhlCt6fMZpjIUWY-1lKdnKeI",
							"type": "string"
						}
					]
				},
				"method": "POST",
				"header": [],
				"body": {
					"mode": "raw",
					"raw": "{ \"title\": \"get bedroom\", \"description\": \"dye your hair\" }\r\n",
					"options": {
						"raw": {
							"language": "json"
						}
					}
				},
				"url": {
					"raw": "http://127.0.0.1:8000/todos",
					"protocol": "http",
					"host": [
						"127",
						"0",
						"0",
						"1"
					],
					"port": "8000",
					"path": [
						"todos"
					]
				}
			},
			"response": []
		},
		{
			"name": "Get a specific todo",
			"request": {
				"auth": {
					"type": "bearer",
					"bearer": [
						{
							"key": "token",
							"value": "eyJhbGciOiJIUzI1NiIsInR5cCI6IkpXVCJ9.eyJzdWIiOiIxMiIsImFkbSI6ZmFsc2UsImV4cCI6MTc2MDI4MDIwNn0.vEZpTfMlS5exv2pWbRU5zOmkmLdrkC-IdxSx1p5M9Jg",
							"type": "string"
						}
					]
				},
				"method": "GET",
				"header": [],
				"url": {
					"raw": "http://127.0.0.1:8000/todos/6",
					"protocol": "http",
					"host": [
						"127",
						"0",
						"0",
						"1"
					],
					"port": "8000",
					"path": [
						"todos",
						"6"
					]
				}
			},
			"response": []
		},
		{
			"name": "update a todo",
			"request": {
				"auth": {
					"type": "bearer",
					"bearer": [
						{
							"key": "token",
							"value": "eyJhbGciOiJIUzI1NiIsInR5cCI6IkpXVCJ9.eyJzdWIiOiIxMiIsImFkbSI6ZmFsc2UsImV4cCI6MTc2MDI4MDIwNn0.vEZpTfMlS5exv2pWbRU5zOmkmLdrkC-IdxSx1p5M9Jg",
							"type": "string"
						}
					]
				},
				"method": "PATCH",
				"header": [],
				"body": {
					"mode": "raw",
					"raw": "{ \"title\": \"Buy Chocolate Milk\", \"done\": true }\r\n",
					"options": {
						"raw": {
							"language": "json"
						}
					}
				},
				"url": {
					"raw": "http://127.0.0.1:8000/todos/6",
					"protocol": "http",
					"host": [
						"127",
						"0",
						"0",
						"1"
					],
					"port": "8000",
					"path": [
						"todos",
						"6"
					]
				}
			},
			"response": []
		},
		{
			"name": "delete a todo",
			"request": {
				"auth": {
					"type": "bearer",
					"bearer": [
						{
							"key": "token",
							"value": "eyJhbGciOiJIUzI1NiIsInR5cCI6IkpXVCJ9.eyJzdWIiOiIxMiIsImFkbSI6ZmFsc2UsImV4cCI6MTc2MDI4MDIwNn0.vEZpTfMlS5exv2pWbRU5zOmkmLdrkC-IdxSx1p5M9Jg",
							"type": "string"
						}
					]
				},
				"method": "DELETE",
				"header": [],
				"url": {
					"raw": "http://127.0.0.1:8000/todos/6",
					"protocol": "http",
					"host": [
						"127",
						"0",
						"0",
						"1"
					],
					"port": "8000",
					"path": [
						"todos",
						"6"
					]
				}
			},
			"response": []
		}
	]
}